Id;Age;Sex;Size;Breed;Friendly;Class
0;8;Male;Big;Beagle;True;Take
1;8;Male;Big;Bulldog;False;Take
2;15;Female;Big;Labrador;False;Take
3;15;Female;Big;Shepherd;True;Leave
4;1;Female;Little;Bulldog;True;Leave
5;1;Female;Medium;Rottweiler;False;Leave
6;12;Female;Medium;Labrador;True;Take
7;7;Female;Big;Labrador;True;Take
8;3;Female;Big;Labrador;True;Take
9;2;Male;Big;Retriever;True;Leave
10;11;Male;Big;Labrador;True;Leave
11;15;Female;Little;Rottweiler;True;Leave
12;15;Male;Big;Bulldog;True;Leave
13;13;Female;Big;Bulldog;True;Leave
14;13;Female;Little;Beagle;True;Leave
15;3;Male;Big;Bulldog;True;Take
16;8;Female;Big;Beagle;True;Take
17;1;Male;Big;Labrador;True;Take
18;6;Male;Big;Shepherd;True;Leave
19;10;Male;Little;Shepherd;True;Leave
20;10;Male;Big;Retriever;True;Leave
21;1;Female;Little;Shepherd;True;Leave
22;9;Female;Big;Rottweiler;True;Take
23;3;Male;Little;Bulldog;True;Leave
24;2;Female;Medium;Rottweiler;True;Take
25;11;Female;Big;Retriever;True;Leave
26;8;Male;Big;Bulldog;True;Take
27;15;Male;Big;Beagle;True;Leave
28;2;Male;Medium;Bulldog;True;Take
29;4;Male;Little;Beagle;True;Take
30;10;Female;Little;Retriever;False;Leave
31;10;Male;Big;Labrador;True;Take
32;15;Male;Little;Bulldog;True;Take
33;4;Female;Big;Beagle;False;Take
34;15;Male;Big;Beagle;True;Leave
35;12;Male;Big;Labrador;True;Leave
36;8;Female;Big;Labrador;True;Take
37;2;Male;Big;Bulldog;True;Take
38;1;Female;Little;Rottweiler;True;Take
39;2;Male;Big;Labrador;True;Take
40;2;Female;Big;Shepherd;True;Leave
41;2;Male;Big;Labrador;True;Take
42;12;Female;Big;Retriever;True;Leave
43;10;Female;Medium;Beagle;True;Take
44;13;Male;Medium;Shepherd;True;Take
45;12;Male;Little;Labrador;True;Take
46;10;Female;Medium;Retriever;True;Take
47;1;Male;Big;Shepherd;True;Leave
48;7;Female;Big;Beagle;False;Take
49;4;Female;Big;Bulldog;False;Take
50;2;Female;Big;Labrador;True;Take
51;7;Female;Big;Bulldog;True;Take
52;5;Male;Big;Shepherd;False;Leave
53;2;Male;Big;Bulldog;True;Take
54;3;Female;Medium;Retriever;True;Take
55;1;Male;Medium;Retriever;True;Take
56;12;Male;Medium;Retriever;True;Take
57;1;Female;Medium;Retriever;True;Take
58;1;Male;Little;Rottweiler;False;Leave
59;6;Male;Little;Rottweiler;True;Take
60;2;Male;Little;Rottweiler;True;Leave
61;11;Female;Big;Rottweiler;True;Leave
62;14;Male;Medium;Rottweiler;True;Take
63;8;Female;Big;Shepherd;True;Leave
64;11;Male;Big;Rottweiler;True;Leave
65;12;Male;Big;Beagle;True;Leave
66;7;Female;Big;Bulldog;True;Take
67;14;Female;Big;Bulldog;True;Leave
68;1;Male;Big;Retriever;True;Leave
69;11;Male;Big;Labrador;True;Leave
70;6;Female;Big;Shepherd;True;Leave
71;6;Male;Medium;Labrador;True;Take
72;3;Female;Big;Bulldog;True;Take
73;2;Male;Little;Rottweiler;True;Leave
74;5;Female;Big;Beagle;True;Take
75;10;Female;Big;Bulldog;True;Take
76;6;Female;Big;Retriever;False;Take
77;1;Female;Little;Beagle;True;Take
78;1;Female;Big;Labrador;True;Take
79;4;Male;Medium;Bulldog;True;Take
80;11;Female;Medium;Rottweiler;True;Take
81;15;Female;Little;Rottweiler;True;Leave
82;6;Male;Big;Bulldog;False;Take
83;13;Male;Big;Retriever;True;Leave
84;7;Male;Big;Bulldog;True;Take
85;11;Female;Big;Shepherd;True;Leave
86;13;Male;Medium;Retriever;True;Take
87;13;Female;Big;Retriever;True;Leave
88;12;Female;Big;Rottweiler;True;Leave
89;11;Female;Big;Rottweiler;False;Take
90;10;Female;Big;Shepherd;True;Leave
91;12;Female;Little;Bulldog;True;Leave
92;14;Female;Big;Retriever;True;Leave
93;14;Female;Medium;Beagle;True;Take
94;14;Male;Little;Labrador;False;Take
95;4;Male;Medium;Rottweiler;True;Leave
96;2;Female;Medium;Shepherd;True;Leave
97;1;Female;Big;Bulldog;True;Take
98;14;Female;Little;Labrador;True;Leave
99;9;Male;Little;Bulldog;True;Leave
100;12;Male;Little;Beagle;True;Take
101;5;Female;Big;Labrador;False;Take
102;7;Female;Big;Beagle;True;Take
103;1;Male;Medium;Beagle;True;Take
104;13;Female;Big;Bulldog;True;Leave
105;5;Male;Big;Bulldog;True;Take
106;5;Male;Little;Rottweiler;True;Leave
107;1;Male;Big;Shepherd;True;Leave
108;4;Male;Little;Shepherd;True;Leave
109;9;Male;Little;Retriever;True;Take
110;14;Male;Big;Labrador;True;Leave
111;9;Female;Big;Beagle;True;Take
112;3;Male;Big;Rottweiler;True;Leave
113;15;Male;Little;Beagle;True;Take
114;9;Male;Big;Beagle;True;Take
115;8;Male;Medium;Labrador;True;Take
116;9;Female;Big;Shepherd;True;Leave
117;8;Male;Big;Bulldog;True;Take
118;15;Male;Medium;Bulldog;True;Take
119;10;Male;Medium;Beagle;True;Take
120;9;Male;Big;Labrador;True;Take
121;8;Male;Big;Bulldog;True;Take
122;4;Male;Medium;Bulldog;True;Take
123;12;Male;Big;Shepherd;True;Leave
124;14;Female;Little;Bulldog;True;Leave
125;1;Male;Big;Bulldog;True;Take
126;6;Female;Big;Shepherd;True;Leave
127;11;Male;Big;Labrador;True;Leave
128;6;Male;Medium;Beagle;True;Take
129;9;Female;Medium;Bulldog;True;Take
130;6;Female;Medium;Retriever;False;Take
131;11;Female;Big;Retriever;True;Leave
132;15;Male;Big;Beagle;True;Leave
133;9;Female;Big;Bulldog;True;Take
134;12;Male;Big;Retriever;True;Leave
135;7;Female;Big;Shepherd;True;Leave
136;15;Female;Big;Bulldog;False;Take
137;12;Female;Little;Beagle;True;Leave
138;13;Male;Little;Shepherd;False;Take
139;8;Male;Big;Beagle;True;Take
140;8;Male;Little;Labrador;False;Take
141;13;Female;Big;Labrador;True;Leave
142;15;Male;Little;Bulldog;True;Take
143;11;Female;Medium;Rottweiler;True;Take
144;10;Female;Big;Bulldog;True;Take
145;5;Female;Medium;Bulldog;True;Take
146;12;Female;Big;Labrador;True;Leave
147;13;Female;Little;Retriever;True;Leave
148;5;Female;Big;Retriever;True;Take
149;15;Male;Big;Bulldog;False;Take
150;3;Male;Medium;Labrador;True;Take
151;10;Female;Medium;Rottweiler;True;Take
152;13;Female;Medium;Rottweiler;True;Take
153;2;Male;Big;Shepherd;True;Leave
154;4;Male;Medium;Labrador;True;Take
155;7;Male;Little;Retriever;True;Take
156;8;Male;Big;Beagle;False;Take
157;5;Female;Big;Retriever;True;Take
158;5;Male;Big;Labrador;True;Take
159;6;Female;Big;Labrador;True;Take
160;3;Female;Medium;Bulldog;True;Take
161;1;Female;Big;Beagle;False;Take
162;2;Female;Medium;Bulldog;True;Take
163;5;Male;Little;Bulldog;True;Leave
164;14;Male;Big;Retriever;True;Leave
165;15;Female;Big;Rottweiler;True;Leave
166;12;Male;Big;Retriever;True;Leave
167;13;Male;Big;Shepherd;True;Leave
168;5;Female;Big;Beagle;False;Take
169;13;Female;Big;Rottweiler;True;Leave
170;10;Male;Little;Beagle;True;Take
171;2;Male;Big;Rottweiler;True;Leave
172;1;Male;Big;Retriever;True;Leave
173;13;Male;Big;Bulldog;True;Leave
174;5;Female;Big;Beagle;True;Take
175;4;Male;Big;Beagle;True;Take
176;15;Male;Big;Beagle;False;Take
177;10;Female;Big;Bulldog;True;Take
178;5;Female;Little;Rottweiler;True;Take
179;4;Male;Big;Shepherd;True;Leave
180;8;Male;Big;Rottweiler;True;Take
181;3;Male;Big;Retriever;False;Leave
182;13;Male;Big;Beagle;True;Leave
183;12;Female;Big;Beagle;True;Leave
184;5;Female;Big;Shepherd;True;Leave
185;13;Female;Big;Bulldog;False;Take
186;9;Female;Big;Rottweiler;True;Take
187;8;Male;Big;Retriever;True;Leave
188;13;Male;Big;Retriever;False;Take
189;9;Female;Big;Labrador;True;Take
190;7;Female;Medium;Rottweiler;True;Take
191;15;Male;Little;Beagle;True;Take
192;12;Male;Big;Bulldog;False;Take
193;1;Female;Medium;Rottweiler;True;Take
194;9;Female;Big;Labrador;True;Take
195;12;Male;Little;Beagle;True;Take
196;12;Male;Big;Retriever;True;Leave
197;14;Female;Big;Bulldog;True;Leave
198;13;Female;Big;Beagle;True;Leave
199;4;Female;Little;Retriever;True;Take
200;14;Male;Big;Labrador;True;Leave
201;10;Female;Big;Labrador;True;Take
202;13;Male;Big;Shepherd;True;Leave
203;15;Male;Little;Bulldog;True;Take
204;15;Female;Medium;Retriever;True;Take
205;2;Male;Big;Retriever;True;Leave
206;3;Female;Big;Retriever;True;Take
207;10;Male;Big;Beagle;True;Take
208;7;Female;Medium;Rottweiler;True;Take
209;14;Male;Big;Labrador;True;Leave
210;5;Female;Big;Bulldog;True;Take
211;7;Male;Big;Retriever;True;Leave
212;5;Female;Big;Rottweiler;True;Take
213;12;Female;Medium;Rottweiler;True;Take
214;11;Male;Medium;Retriever;True;Take
215;10;Male;Big;Bulldog;True;Take
216;3;Female;Medium;Rottweiler;True;Take
217;11;Female;Medium;Retriever;True;Take
218;15;Female;Big;Beagle;True;Leave
219;15;Male;Medium;Beagle;True;Take
220;11;Male;Medium;Labrador;True;Take
221;15;Female;Big;Bulldog;True;Leave
222;5;Female;Big;Bulldog;True;Take
223;7;Male;Big;Labrador;True;Take
224;12;Male;Big;Retriever;True;Leave
225;8;Female;Big;Beagle;True;Take
226;3;Male;Little;Labrador;True;Take
227;13;Male;Medium;Labrador;True;Take
228;4;Male;Medium;Beagle;True;Take
229;3;Female;Big;Shepherd;True;Leave
230;5;Female;Big;Labrador;True;Take
231;13;Female;Big;Labrador;True;Leave
232;2;Male;Big;Labrador;True;Take
233;8;Male;Medium;Rottweiler;True;Take
234;15;Male;Big;Rottweiler;True;Leave
235;12;Male;Big;Bulldog;False;Take
236;10;Female;Big;Labrador;True;Take
237;4;Female;Little;Beagle;True;Take
238;14;Female;Big;Labrador;True;Leave
239;1;Female;Big;Labrador;True;Take
240;3;Male;Big;Retriever;True;Leave
241;8;Male;Medium;Shepherd;True;Leave
242;6;Male;Big;Retriever;False;Leave
243;12;Male;Big;Shepherd;True;Leave
244;7;Male;Big;Bulldog;True;Take
245;3;Female;Big;Rottweiler;True;Take
246;7;Female;Big;Beagle;True;Take
247;3;Male;Medium;Beagle;True;Take
248;6;Female;Little;Retriever;True;Take
249;7;Male;Big;Retriever;True;Leave
250;8;Male;Big;Retriever;True;Leave
251;13;Male;Medium;Rottweiler;True;Take
252;7;Female;Medium;Retriever;True;Take
253;12;Male;Big;Labrador;True;Leave
254;4;Female;Little;Labrador;False;Take
255;6;Male;Little;Beagle;True;Take
256;7;Male;Little;Labrador;True;Take
257;1;Male;Big;Bulldog;True;Take
258;8;Male;Big;Bulldog;True;Take
259;5;Male;Little;Retriever;True;Take
260;13;Female;Big;Bulldog;True;Leave
261;15;Male;Big;Bulldog;True;Leave
262;2;Female;Big;Bulldog;True;Take
263;7;Male;Big;Rottweiler;True;Take
264;3;Female;Big;Shepherd;True;Leave
265;13;Female;Big;Labrador;True;Leave
266;10;Female;Big;Retriever;True;Take
267;10;Male;Big;Rottweiler;True;Take
268;1;Female;Little;Labrador;True;Take
269;15;Male;Little;Labrador;False;Take
270;5;Female;Medium;Rottweiler;False;Leave
271;9;Male;Little;Beagle;True;Take
272;4;Male;Big;Bulldog;True;Take
273;10;Female;Big;Labrador;True;Take
274;3;Male;Medium;Retriever;True;Take
275;10;Male;Big;Beagle;True;Take
276;10;Female;Big;Bulldog;True;Take
277;13;Male;Medium;Labrador;True;Take
278;10;Female;Big;Rottweiler;True;Take
279;13;Female;Little;Shepherd;True;Leave
280;14;Female;Big;Retriever;True;Leave
281;6;Female;Big;Retriever;True;Take
282;15;Male;Big;Beagle;True;Leave
283;10;Female;Big;Shepherd;False;Leave
284;7;Female;Big;Labrador;True;Take
285;15;Male;Big;Beagle;True;Leave
286;13;Female;Medium;Retriever;True;Take
287;9;Female;Big;Labrador;True;Take
288;13;Female;Little;Bulldog;True;Leave
289;1;Female;Medium;Retriever;False;Take
290;8;Male;Little;Retriever;False;Take
291;9;Male;Big;Rottweiler;False;Leave
292;15;Female;Big;Rottweiler;True;Leave
293;4;Female;Big;Shepherd;True;Leave
294;1;Female;Big;Rottweiler;True;Take
295;8;Female;Big;Shepherd;True;Leave
296;3;Female;Big;Shepherd;True;Leave
297;1;Female;Medium;Beagle;True;Take
298;10;Male;Big;Beagle;True;Take
299;1;Male;Big;Beagle;True;Take
300;2;Male;Big;Rottweiler;False;Leave
301;14;Female;Little;Beagle;True;Leave
302;11;Male;Big;Retriever;True;Leave
303;8;Male;Medium;Retriever;True;Take
304;5;Male;Big;Shepherd;False;Leave
305;7;Female;Big;Rottweiler;True;Take
306;1;Female;Big;Retriever;True;Take
307;3;Male;Little;Beagle;True;Take
308;9;Male;Big;Beagle;True;Take
309;13;Male;Big;Bulldog;True;Leave
310;13;Female;Big;Retriever;False;Take
311;8;Male;Big;Beagle;True;Take
312;4;Female;Medium;Labrador;True;Take
313;12;Female;Big;Rottweiler;True;Leave
314;8;Male;Big;Labrador;True;Take
315;2;Male;Medium;Beagle;True;Take
316;2;Female;Big;Bulldog;True;Take
317;2;Male;Big;Retriever;False;Leave
318;12;Male;Big;Labrador;False;Take
319;1;Female;Big;Shepherd;True;Leave
320;12;Male;Big;Bulldog;True;Leave
321;4;Female;Medium;Retriever;True;Take
322;11;Female;Medium;Rottweiler;True;Take
323;10;Female;Big;Rottweiler;True;Take
324;15;Female;Medium;Retriever;True;Take
325;12;Female;Big;Beagle;True;Leave
326;8;Male;Big;Labrador;True;Take
327;1;Female;Big;Labrador;True;Take
328;15;Male;Medium;Beagle;True;Take
329;8;Male;Big;Labrador;True;Take
330;9;Female;Big;Bulldog;True;Take
331;11;Male;Big;Rottweiler;True;Leave
332;5;Male;Medium;Beagle;True;Take
333;4;Male;Big;Bulldog;True;Take
334;2;Female;Big;Bulldog;True;Take
335;15;Female;Little;Labrador;False;Take
336;1;Male;Big;Bulldog;True;Take
337;13;Female;Big;Retriever;True;Leave
338;8;Male;Big;Beagle;True;Take
339;3;Female;Big;Retriever;True;Take
340;7;Female;Medium;Bulldog;True;Take
341;1;Male;Big;Bulldog;True;Take
342;9;Female;Little;Bulldog;True;Leave
343;13;Male;Medium;Retriever;False;Take
344;12;Male;Big;Shepherd;True;Leave
345;5;Female;Medium;Rottweiler;True;Take
346;6;Male;Big;Shepherd;True;Leave
347;3;Female;Medium;Shepherd;True;Leave
348;15;Male;Little;Beagle;True;Take
349;10;Male;Big;Labrador;False;Take
350;6;Female;Big;Bulldog;True;Take
351;7;Male;Little;Bulldog;True;Leave
352;4;Male;Medium;Labrador;True;Take
353;14;Female;Little;Shepherd;False;Take
354;2;Male;Big;Bulldog;True;Take
355;6;Female;Big;Shepherd;True;Leave
356;10;Female;Medium;Shepherd;True;Leave
357;15;Male;Big;Bulldog;True;Leave
358;6;Female;Big;Shepherd;True;Leave
359;4;Female;Big;Rottweiler;False;Leave
360;2;Female;Big;Rottweiler;True;Take
361;12;Female;Big;Beagle;True;Leave
362;2;Female;Medium;Shepherd;True;Leave
363;9;Female;Medium;Labrador;True;Take
364;9;Male;Little;Beagle;False;Take
365;13;Female;Little;Shepherd;True;Leave
366;2;Female;Little;Retriever;True;Take
367;10;Female;Little;Rottweiler;True;Take
368;8;Male;Big;Beagle;True;Take
369;14;Female;Big;Retriever;False;Take
370;6;Male;Little;Beagle;True;Take
371;9;Male;Little;Retriever;False;Take
372;12;Female;Big;Shepherd;True;Leave
373;7;Male;Big;Beagle;True;Take
374;7;Male;Big;Bulldog;True;Take
375;3;Female;Medium;Shepherd;True;Leave
376;6;Male;Little;Beagle;True;Take
377;15;Male;Big;Bulldog;True;Leave
378;8;Male;Big;Retriever;True;Leave
379;7;Male;Big;Beagle;True;Take
380;14;Male;Little;Labrador;True;Take
381;13;Male;Little;Bulldog;True;Take
382;2;Female;Medium;Shepherd;True;Leave
383;14;Male;Little;Rottweiler;True;Take
384;3;Female;Big;Labrador;True;Take
385;10;Male;Big;Retriever;False;Leave
386;2;Male;Big;Bulldog;False;Take
387;11;Female;Big;Beagle;True;Leave
388;11;Male;Big;Bulldog;True;Leave
389;3;Female;Little;Bulldog;True;Leave
390;4;Female;Big;Retriever;True;Take
391;9;Male;Big;Shepherd;False;Leave
392;1;Female;Medium;Shepherd;True;Leave
393;8;Male;Big;Labrador;True;Take
394;7;Female;Big;Bulldog;True;Take
395;3;Male;Medium;Beagle;True;Take
396;13;Male;Big;Labrador;False;Take
397;10;Male;Big;Beagle;True;Take
398;10;Female;Little;Beagle;True;Take
399;15;Female;Big;Rottweiler;True;Leave
400;14;Female;Big;Beagle;True;Leave
401;15;Female;Big;Rottweiler;True;Leave
402;1;Female;Little;Shepherd;False;Leave
403;11;Male;Little;Shepherd;False;Take
404;5;Female;Big;Beagle;True;Take
405;10;Female;Big;Rottweiler;True;Take
406;1;Female;Big;Rottweiler;True;Take
407;10;Female;Medium;Beagle;True;Take
408;8;Male;Big;Shepherd;True;Leave
409;13;Male;Big;Rottweiler;True;Leave
410;10;Male;Big;Labrador;True;Take
411;10;Male;Medium;Labrador;True;Take
412;9;Male;Medium;Bulldog;True;Take
413;9;Female;Big;Beagle;True;Take
414;3;Male;Little;Labrador;True;Take
415;13;Male;Big;Shepherd;True;Leave
416;4;Male;Big;Rottweiler;True;Leave
417;14;Male;Big;Rottweiler;True;Leave
418;2;Female;Medium;Shepherd;True;Leave
419;10;Male;Little;Rottweiler;True;Take
420;10;Female;Big;Bulldog;True;Take
421;5;Female;Big;Rottweiler;False;Leave
422;12;Male;Big;Bulldog;False;Take
423;1;Female;Little;Labrador;False;Take
424;5;Female;Big;Shepherd;True;Leave
425;12;Female;Little;Beagle;True;Leave
426;6;Male;Big;Retriever;True;Leave
427;14;Male;Medium;Labrador;True;Take
428;1;Female;Medium;Bulldog;True;Take
429;15;Female;Big;Rottweiler;True;Leave
430;11;Female;Little;Bulldog;True;Leave
431;2;Male;Medium;Beagle;True;Take
432;15;Female;Big;Beagle;True;Leave
433;2;Female;Medium;Beagle;True;Take
434;12;Male;Big;Shepherd;False;Take
435;13;Male;Big;Shepherd;True;Leave
436;14;Male;Little;Rottweiler;True;Take
437;2;Female;Medium;Labrador;True;Take
438;4;Female;Little;Labrador;True;Take
439;5;Female;Big;Labrador;True;Take
440;10;Female;Big;Retriever;True;Take
441;1;Male;Big;Bulldog;True;Take
442;14;Male;Medium;Bulldog;True;Take
443;2;Female;Big;Beagle;True;Take
444;3;Female;Medium;Beagle;True;Take
445;9;Male;Little;Beagle;True;Take
446;11;Female;Big;Shepherd;False;Take
447;2;Female;Little;Retriever;True;Take
448;1;Female;Big;Rottweiler;True;Take
449;9;Female;Medium;Rottweiler;False;Leave
450;1;Female;Big;Bulldog;True;Take
451;14;Female;Big;Beagle;True;Leave
452;6;Male;Big;Beagle;True;Take
453;6;Male;Big;Bulldog;True;Take
454;12;Female;Big;Shepherd;False;Take
455;3;Female;Little;Bulldog;True;Leave
456;8;Female;Big;Rottweiler;True;Take
457;8;Male;Big;Bulldog;True;Take
458;15;Female;Medium;Shepherd;True;Take
459;2;Female;Big;Bulldog;True;Take
460;7;Male;Big;Retriever;True;Leave
461;12;Female;Big;Rottweiler;True;Leave
462;11;Male;Big;Retriever;True;Leave
463;7;Female;Big;Bulldog;True;Take
464;3;Male;Big;Bulldog;True;Take
465;12;Female;Big;Rottweiler;True;Leave
466;4;Male;Big;Shepherd;True;Leave
467;5;Female;Medium;Bulldog;True;Take
468;10;Female;Big;Beagle;True;Take
469;1;Female;Big;Rottweiler;True;Take
470;9;Male;Little;Labrador;True;Take
471;6;Female;Big;Rottweiler;True;Take
472;3;Male;Medium;Rottweiler;True;Leave
473;14;Male;Big;Rottweiler;True;Leave
474;14;Male;Big;Rottweiler;True;Leave
475;14;Male;Medium;Beagle;True;Take
476;2;Male;Medium;Retriever;True;Take
477;11;Female;Little;Retriever;True;Leave
478;6;Male;Big;Labrador;True;Take
479;7;Female;Big;Shepherd;True;Leave
480;6;Female;Big;Rottweiler;True;Take
481;13;Female;Big;Shepherd;True;Leave
482;8;Female;Big;Labrador;True;Take
483;6;Female;Big;Shepherd;False;Leave
484;14;Female;Little;Rottweiler;True;Leave
485;12;Male;Big;Retriever;True;Leave
486;12;Female;Big;Retriever;True;Leave
487;9;Male;Big;Retriever;True;Leave
488;2;Male;Big;Beagle;True;Take
489;7;Male;Little;Rottweiler;True;Take
490;12;Male;Little;Labrador;True;Take
491;1;Female;Big;Retriever;True;Take
492;12;Female;Medium;Shepherd;True;Take
493;5;Male;Medium;Rottweiler;True;Leave
494;9;Male;Big;Labrador;True;Take
495;1;Female;Little;Bulldog;True;Leave
496;1;Male;Big;Rottweiler;True;Leave
497;12;Female;Little;Bulldog;True;Leave
498;14;Male;Medium;Labrador;True;Take
499;10;Female;Medium;Rottweiler;True;Take
500;2;Male;Big;Rottweiler;True;Leave
501;10;Female;Medium;Shepherd;False;Leave
502;10;Male;Medium;Bulldog;True;Take
503;12;Male;Big;Retriever;False;Take
504;11;Male;Medium;Retriever;True;Take
505;7;Female;Big;Shepherd;True;Leave
506;11;Female;Little;Beagle;True;Leave
507;2;Female;Medium;Beagle;True;Take
508;3;Female;Big;Rottweiler;True;Take
509;15;Female;Big;Labrador;True;Leave
510;12;Female;Little;Bulldog;True;Leave
511;11;Male;Little;Retriever;True;Take
512;11;Male;Medium;Labrador;True;Take
513;10;Female;Big;Bulldog;True;Take
514;13;Male;Big;Retriever;True;Leave
515;11;Male;Big;Labrador;True;Leave
516;14;Male;Big;Beagle;True;Leave
517;13;Male;Big;Retriever;True;Leave
518;13;Female;Big;Retriever;True;Leave
519;9;Female;Little;Labrador;True;Take
520;7;Male;Little;Labrador;True;Take
521;2;Female;Big;Bulldog;True;Take
522;5;Female;Big;Retriever;True;Take
523;14;Male;Big;Rottweiler;False;Take
524;6;Male;Little;Rottweiler;True;Take
525;9;Male;Little;Beagle;True;Take
526;3;Male;Big;Shepherd;True;Leave
527;12;Male;Big;Rottweiler;True;Leave
528;6;Male;Big;Retriever;True;Leave
529;6;Male;Little;Rottweiler;True;Take
530;10;Female;Big;Beagle;False;Take
531;3;Male;Medium;Beagle;True;Take
532;14;Male;Big;Rottweiler;True;Leave
533;8;Female;Big;Rottweiler;True;Take
534;5;Female;Big;Rottweiler;True;Take
535;6;Female;Big;Retriever;True;Take
536;10;Male;Big;Shepherd;True;Leave
537;2;Male;Little;Shepherd;True;Leave
538;12;Female;Medium;Bulldog;True;Take
539;2;Female;Big;Rottweiler;True;Take
540;14;Male;Big;Rottweiler;True;Leave
541;7;Female;Little;Retriever;True;Take
542;13;Male;Big;Labrador;True;Leave
543;12;Female;Big;Beagle;True;Leave
544;5;Female;Big;Bulldog;True;Take
545;4;Male;Big;Retriever;True;Leave
546;5;Male;Little;Beagle;True;Take
547;5;Male;Big;Shepherd;True;Leave
548;1;Female;Big;Labrador;False;Take
549;7;Male;Big;Labrador;True;Take
550;9;Female;Big;Bulldog;True;Take
551;6;Male;Medium;Rottweiler;True;Take
552;10;Female;Big;Retriever;False;Leave
553;14;Female;Medium;Bulldog;True;Take
554;15;Male;Medium;Bulldog;True;Take
555;10;Female;Big;Retriever;True;Take
556;14;Female;Medium;Rottweiler;True;Take
557;9;Male;Little;Rottweiler;True;Take
558;14;Male;Big;Rottweiler;True;Leave
559;5;Male;Big;Bulldog;True;Take
560;14;Female;Big;Labrador;True;Leave
561;14;Male;Big;Bulldog;False;Take
562;1;Male;Big;Shepherd;True;Leave
563;5;Male;Big;Beagle;False;Take
564;13;Female;Little;Rottweiler;True;Leave
565;14;Female;Big;Labrador;True;Leave
566;9;Male;Big;Labrador;True;Take
567;9;Female;Medium;Retriever;True;Take
568;15;Female;Big;Labrador;True;Leave
569;11;Male;Little;Retriever;True;Take
570;3;Female;Little;Labrador;True;Take
571;1;Female;Big;Bulldog;True;Take
572;3;Male;Big;Beagle;True;Take
573;15;Male;Big;Labrador;True;Leave
574;4;Female;Big;Retriever;True;Take
575;10;Male;Big;Retriever;True;Leave
576;12;Female;Big;Labrador;True;Leave
577;6;Male;Big;Labrador;True;Take
578;4;Female;Big;Bulldog;True;Take
579;10;Female;Medium;Labrador;True;Take
580;13;Female;Big;Labrador;True;Leave
581;6;Male;Medium;Beagle;True;Take
582;1;Female;Little;Retriever;True;Take
583;15;Female;Big;Shepherd;False;Take
584;6;Male;Medium;Labrador;True;Take
585;13;Female;Medium;Shepherd;True;Take
586;11;Female;Big;Rottweiler;False;Take
587;9;Female;Medium;Labrador;True;Take
588;6;Male;Medium;Retriever;True;Take
589;6;Male;Medium;Labrador;False;Take
590;6;Male;Medium;Labrador;True;Take
591;3;Male;Medium;Shepherd;True;Leave
592;15;Male;Big;Shepherd;False;Take
593;4;Female;Medium;Beagle;True;Take
594;15;Female;Little;Shepherd;False;Take
595;6;Male;Medium;Beagle;False;Take
596;2;Male;Big;Beagle;True;Take
597;11;Male;Medium;Shepherd;True;Take
598;11;Female;Big;Rottweiler;False;Take
599;3;Female;Medium;Beagle;True;Take
600;1;Male;Medium;Retriever;True;Take
601;2;Male;Big;Beagle;True;Take
602;5;Female;Big;Shepherd;True;Leave
603;7;Female;Medium;Rottweiler;False;Leave
604;14;Male;Little;Bulldog;True;Take
605;3;Male;Big;Beagle;False;Take
606;3;Male;Big;Labrador;True;Take
607;14;Male;Big;Shepherd;True;Leave
608;6;Male;Big;Labrador;False;Take
609;2;Male;Big;Rottweiler;True;Leave
610;15;Female;Big;Shepherd;False;Take
611;15;Female;Little;Labrador;True;Leave
612;7;Male;Big;Rottweiler;True;Take
613;1;Female;Medium;Beagle;True;Take
614;10;Female;Little;Rottweiler;False;Leave
615;2;Female;Medium;Beagle;True;Take
616;4;Female;Big;Rottweiler;False;Leave
617;9;Male;Big;Retriever;True;Leave
618;8;Male;Big;Retriever;False;Leave
619;11;Male;Medium;Rottweiler;True;Take
620;7;Male;Medium;Shepherd;True;Leave
621;14;Male;Big;Retriever;True;Leave
622;4;Female;Big;Retriever;True;Take
623;7;Male;Big;Shepherd;True;Leave
624;1;Male;Big;Rottweiler;True;Leave
625;3;Male;Big;Rottweiler;True;Leave
626;10;Male;Big;Rottweiler;True;Take
627;6;Male;Little;Labrador;True;Take
628;10;Female;Little;Retriever;True;Take
629;1;Male;Big;Shepherd;True;Leave
630;14;Female;Medium;Bulldog;True;Take
631;12;Female;Medium;Bulldog;True;Take
632;6;Male;Big;Shepherd;True;Leave
633;6;Female;Little;Retriever;False;Take
634;3;Female;Big;Retriever;True;Take
635;10;Female;Big;Retriever;True;Take
636;14;Male;Medium;Shepherd;True;Take
637;14;Female;Big;Rottweiler;False;Take
638;9;Female;Little;Labrador;True;Take
639;15;Female;Medium;Labrador;False;Take
640;9;Female;Big;Bulldog;True;Take
641;2;Female;Big;Labrador;False;Take
642;9;Male;Medium;Labrador;False;Take
643;1;Male;Medium;Beagle;True;Take
644;3;Female;Big;Labrador;False;Take
645;14;Female;Big;Beagle;True;Leave
646;2;Female;Big;Rottweiler;True;Take
647;11;Male;Big;Rottweiler;False;Take
648;3;Female;Little;Rottweiler;True;Take
649;4;Female;Big;Bulldog;True;Take
650;4;Female;Big;Rottweiler;True;Take
651;4;Female;Big;Labrador;True;Take
652;1;Female;Little;Labrador;True;Take
653;6;Female;Medium;Shepherd;True;Leave
654;12;Male;Medium;Bulldog;True;Take
655;6;Male;Big;Bulldog;True;Take
656;2;Female;Big;Rottweiler;True;Take
657;2;Male;Big;Retriever;True;Leave
658;11;Male;Little;Bulldog;True;Take
659;1;Female;Big;Retriever;True;Take
660;6;Male;Big;Rottweiler;True;Take
661;4;Female;Big;Bulldog;True;Take
662;6;Male;Big;Rottweiler;True;Take
663;4;Female;Big;Shepherd;True;Leave
664;11;Male;Big;Beagle;True;Leave
665;5;Male;Big;Shepherd;True;Leave
666;13;Female;Big;Beagle;True;Leave
667;2;Male;Big;Labrador;True;Take
668;11;Male;Little;Bulldog;False;Take
669;2;Female;Big;Rottweiler;True;Take
670;3;Female;Medium;Labrador;True;Take
671;8;Male;Big;Labrador;True;Take
672;15;Male;Big;Bulldog;True;Leave
673;2;Female;Big;Bulldog;True;Take
674;10;Male;Little;Retriever;False;Take
675;2;Female;Medium;Beagle;True;Take
676;13;Male;Big;Retriever;False;Take
677;11;Female;Big;Beagle;True;Leave
678;6;Female;Medium;Shepherd;False;Leave
679;9;Female;Little;Shepherd;True;Leave
680;9;Female;Little;Retriever;True;Take
681;15;Male;Medium;Labrador;True;Take
682;7;Female;Big;Retriever;True;Take
683;6;Female;Little;Retriever;False;Take
684;10;Male;Medium;Labrador;True;Take
685;11;Female;Big;Shepherd;True;Leave
686;3;Female;Big;Labrador;True;Take
687;12;Male;Big;Bulldog;True;Leave
688;6;Male;Medium;Labrador;True;Take
689;13;Female;Big;Beagle;True;Leave
690;2;Male;Big;Beagle;True;Take
691;7;Male;Little;Labrador;True;Take
692;2;Male;Big;Retriever;True;Leave
693;7;Female;Big;Beagle;False;Take
694;5;Female;Big;Shepherd;True;Leave
695;1;Male;Medium;Labrador;True;Take
696;8;Male;Big;Shepherd;True;Leave
697;8;Male;Big;Rottweiler;False;Leave
698;11;Male;Little;Retriever;True;Take
699;5;Male;Big;Retriever;True;Leave
700;12;Female;Little;Retriever;True;Leave
701;4;Female;Little;Shepherd;True;Leave
702;10;Male;Little;Shepherd;True;Leave
703;1;Male;Big;Rottweiler;True;Leave
704;3;Male;Big;Bulldog;True;Take
705;12;Female;Big;Bulldog;True;Leave
706;10;Male;Medium;Bulldog;True;Take
707;14;Male;Medium;Bulldog;True;Take
708;6;Male;Big;Rottweiler;False;Leave
709;11;Female;Little;Shepherd;True;Leave
710;9;Male;Big;Shepherd;True;Leave
711;1;Male;Big;Retriever;True;Leave
712;9;Male;Big;Rottweiler;True;Take
713;6;Female;Big;Labrador;False;Take
714;7;Female;Big;Retriever;True;Take
715;12;Male;Big;Beagle;True;Leave
716;8;Male;Little;Bulldog;True;Leave
717;13;Female;Big;Retriever;True;Leave
718;1;Female;Little;Retriever;True;Take
719;9;Female;Big;Beagle;True;Take
720;7;Male;Big;Retriever;True;Leave
721;9;Male;Big;Labrador;True;Take
722;11;Male;Little;Beagle;True;Take
723;4;Male;Big;Shepherd;True;Leave
724;3;Male;Big;Retriever;True;Leave
725;5;Male;Big;Labrador;True;Take
726;11;Female;Medium;Beagle;True;Take
727;1;Male;Big;Shepherd;True;Leave
728;9;Male;Big;Retriever;True;Leave
729;10;Male;Little;Labrador;True;Take
730;9;Female;Big;Labrador;True;Take
731;5;Female;Medium;Beagle;True;Take
732;12;Male;Little;Beagle;True;Take
733;15;Male;Medium;Bulldog;True;Take
734;4;Male;Big;Labrador;True;Take
735;5;Female;Big;Retriever;False;Take
736;12;Female;Little;Shepherd;True;Leave
737;5;Male;Medium;Bulldog;True;Take
738;2;Male;Big;Beagle;True;Take
739;13;Male;Little;Rottweiler;True;Take
740;5;Female;Big;Labrador;True;Take
741;15;Male;Big;Retriever;True;Leave
742;12;Female;Little;Retriever;True;Leave
743;4;Female;Big;Shepherd;True;Leave
744;1;Male;Little;Beagle;True;Take
745;14;Male;Big;Rottweiler;True;Leave
746;7;Male;Medium;Rottweiler;True;Take
747;6;Male;Big;Bulldog;True;Take
748;2;Female;Big;Bulldog;True;Take
749;10;Female;Big;Labrador;True;Take
750;8;Male;Big;Rottweiler;True;Take
751;14;Male;Little;Labrador;True;Take
752;8;Male;Big;Shepherd;True;Leave
753;9;Male;Big;Retriever;True;Leave
754;13;Male;Big;Beagle;True;Leave
755;2;Female;Big;Rottweiler;True;Take
756;1;Female;Medium;Shepherd;True;Leave
757;15;Male;Big;Labrador;True;Leave
758;10;Male;Big;Shepherd;True;Leave
759;5;Male;Big;Beagle;True;Take
760;6;Female;Big;Shepherd;True;Leave
761;5;Male;Big;Beagle;True;Take
762;5;Female;Little;Bulldog;True;Leave
763;5;Male;Little;Retriever;True;Take
764;7;Female;Big;Retriever;True;Take
765;11;Female;Medium;Beagle;True;Take
766;10;Female;Big;Retriever;False;Leave
767;2;Male;Little;Shepherd;True;Leave
768;5;Male;Big;Retriever;True;Leave
769;13;Female;Big;Retriever;False;Take
770;4;Male;Big;Shepherd;True;Leave
771;10;Female;Medium;Labrador;True;Take
772;4;Female;Big;Retriever;False;Take
773;4;Male;Big;Rottweiler;False;Leave
774;8;Female;Big;Retriever;True;Take
775;14;Female;Little;Shepherd;True;Leave
776;2;Female;Big;Shepherd;True;Leave
777;6;Female;Big;Retriever;True;Take
778;6;Male;Big;Labrador;True;Take
779;14;Female;Big;Retriever;True;Leave
780;12;Female;Big;Labrador;True;Leave
781;9;Male;Big;Retriever;True;Leave
782;1;Female;Little;Labrador;True;Take
783;7;Male;Big;Shepherd;True;Leave
784;14;Female;Big;Shepherd;True;Leave
785;10;Female;Big;Bulldog;True;Take
786;8;Female;Little;Shepherd;False;Leave
787;15;Female;Little;Shepherd;True;Leave
788;10;Female;Big;Retriever;True;Take
789;3;Male;Big;Shepherd;True;Leave
790;5;Male;Big;Bulldog;True;Take
791;1;Female;Medium;Labrador;True;Take
792;5;Male;Little;Rottweiler;True;Leave
793;9;Female;Big;Beagle;False;Take
794;6;Female;Medium;Labrador;True;Take
795;2;Male;Big;Retriever;False;Leave
796;2;Female;Medium;Beagle;False;Take
797;6;Female;Big;Labrador;False;Take
798;2;Male;Big;Labrador;True;Take
799;6;Female;Little;Labrador;True;Take
800;5;Female;Medium;Shepherd;True;Leave
801;8;Female;Little;Shepherd;True;Leave
802;14;Female;Big;Labrador;False;Take
803;13;Male;Medium;Labrador;True;Take
804;11;Female;Little;Rottweiler;True;Leave
805;10;Male;Medium;Retriever;False;Take
806;9;Female;Little;Shepherd;True;Leave
807;13;Male;Little;Bulldog;True;Take
808;11;Female;Big;Beagle;True;Leave
809;4;Female;Little;Shepherd;False;Leave
810;9;Male;Little;Bulldog;True;Leave
811;1;Female;Big;Rottweiler;True;Take
812;8;Male;Big;Labrador;True;Take
813;1;Male;Big;Labrador;True;Take
814;8;Female;Big;Beagle;True;Take
815;8;Male;Big;Shepherd;True;Leave
816;11;Male;Big;Rottweiler;True;Leave
817;9;Female;Big;Beagle;True;Take
818;1;Female;Little;Rottweiler;True;Take
819;10;Female;Medium;Shepherd;True;Leave
820;14;Female;Little;Labrador;False;Take
821;9;Male;Medium;Shepherd;True;Leave
822;6;Female;Medium;Retriever;True;Take
823;7;Female;Little;Beagle;True;Take
824;10;Female;Medium;Rottweiler;True;Take
825;14;Female;Medium;Beagle;True;Take
826;12;Female;Medium;Shepherd;True;Take
827;3;Male;Little;Retriever;True;Take
828;14;Male;Little;Beagle;True;Take
829;1;Female;Big;Labrador;True;Take
830;2;Male;Medium;Beagle;True;Take
831;7;Female;Big;Labrador;True;Take
832;10;Male;Big;Shepherd;True;Leave
833;1;Female;Little;Bulldog;True;Leave
834;14;Male;Big;Shepherd;True;Leave
835;2;Female;Big;Labrador;True;Take
836;11;Male;Big;Shepherd;True;Leave
837;10;Male;Big;Bulldog;True;Take
838;1;Female;Big;Shepherd;True;Leave
839;10;Female;Medium;Shepherd;True;Leave
840;9;Female;Big;Retriever;True;Take
841;4;Male;Big;Bulldog;True;Take
842;4;Female;Medium;Shepherd;True;Leave
843;14;Female;Big;Beagle;False;Take
844;4;Male;Big;Labrador;True;Take
845;3;Male;Big;Bulldog;True;Take
846;2;Male;Medium;Retriever;True;Take
847;1;Male;Big;Rottweiler;False;Leave
848;11;Female;Big;Bulldog;True;Leave
849;11;Male;Medium;Beagle;True;Take
850;6;Male;Big;Labrador;True;Take
851;14;Female;Medium;Bulldog;True;Take
852;11;Male;Little;Bulldog;True;Take
853;4;Female;Big;Retriever;True;Take
854;13;Male;Big;Labrador;True;Leave
855;7;Female;Medium;Labrador;True;Take
856;11;Male;Big;Rottweiler;True;Leave
857;13;Male;Medium;Rottweiler;True;Take
858;10;Male;Big;Rottweiler;True;Take
859;6;Male;Medium;Labrador;True;Take
860;12;Female;Little;Retriever;True;Leave
861;8;Male;Big;Rottweiler;True;Take
862;9;Female;Medium;Beagle;True;Take
863;6;Female;Medium;Labrador;True;Take
864;11;Female;Big;Bulldog;True;Leave
865;9;Male;Medium;Shepherd;True;Leave
866;7;Female;Big;Beagle;False;Take
867;4;Female;Medium;Retriever;False;Take
868;9;Female;Big;Retriever;True;Take
869;12;Female;Little;Labrador;True;Leave
870;10;Female;Medium;Rottweiler;True;Take
871;5;Female;Medium;Bulldog;False;Take
872;7;Male;Big;Beagle;True;Take
873;10;Male;Big;Shepherd;True;Leave
874;15;Female;Big;Rottweiler;True;Leave
875;7;Male;Little;Retriever;True;Take
876;12;Female;Medium;Bulldog;True;Take
877;6;Male;Little;Retriever;True;Take
878;12;Female;Big;Shepherd;True;Leave
879;13;Male;Big;Beagle;True;Leave
880;12;Female;Big;Retriever;True;Leave
881;2;Male;Little;Retriever;True;Take
882;3;Male;Big;Labrador;True;Take
883;9;Male;Big;Rottweiler;True;Take
884;5;Female;Big;Rottweiler;True;Take
885;14;Male;Big;Bulldog;True;Leave
886;3;Male;Big;Shepherd;True;Leave
887;9;Male;Big;Retriever;True;Leave
888;5;Female;Big;Rottweiler;True;Take
889;1;Female;Big;Rottweiler;True;Take
890;10;Female;Medium;Rottweiler;True;Take
891;3;Female;Little;Retriever;True;Take
892;7;Male;Little;Bulldog;True;Leave
893;9;Male;Little;Rottweiler;True;Take
894;3;Female;Big;Labrador;True;Take
895;8;Male;Big;Beagle;True;Take
896;7;Male;Big;Rottweiler;False;Leave
897;5;Male;Medium;Labrador;True;Take
898;14;Male;Big;Bulldog;True;Leave
899;12;Male;Big;Labrador;True;Leave
900;6;Female;Big;Retriever;True;Take
901;7;Female;Big;Retriever;True;Take
902;10;Female;Big;Bulldog;True;Take
903;3;Female;Big;Bulldog;True;Take
904;11;Female;Big;Bulldog;True;Leave
905;10;Male;Big;Beagle;True;Take
906;9;Male;Big;Labrador;True;Take
907;4;Female;Big;Beagle;True;Take
908;1;Female;Big;Shepherd;False;Leave
909;3;Female;Big;Rottweiler;False;Leave
910;10;Male;Big;Beagle;True;Take
911;10;Male;Big;Shepherd;True;Leave
912;15;Female;Big;Labrador;True;Leave
913;4;Female;Medium;Labrador;True;Take
914;15;Female;Big;Shepherd;True;Leave
915;10;Female;Big;Beagle;True;Take
916;14;Female;Big;Retriever;True;Leave
917;8;Male;Big;Bulldog;False;Take
918;2;Male;Big;Rottweiler;True;Leave
919;3;Male;Big;Retriever;True;Leave
920;1;Male;Big;Bulldog;True;Take
921;12;Male;Medium;Bulldog;False;Take
922;5;Male;Medium;Retriever;True;Take
923;12;Male;Medium;Rottweiler;True;Take
924;15;Female;Little;Retriever;True;Leave
925;9;Female;Little;Beagle;True;Take
926;3;Female;Big;Rottweiler;True;Take
927;12;Male;Big;Rottweiler;False;Take
928;5;Female;Big;Shepherd;False;Leave
929;1;Male;Medium;Bulldog;True;Take
930;3;Male;Little;Labrador;True;Take
931;15;Male;Medium;Retriever;False;Take
932;11;Female;Big;Shepherd;True;Leave
933;1;Female;Little;Labrador;False;Take
934;7;Male;Big;Beagle;True;Take
935;12;Female;Big;Bulldog;True;Leave
936;2;Female;Big;Beagle;True;Take
937;6;Female;Big;Retriever;True;Take
938;14;Male;Big;Retriever;True;Leave
939;10;Female;Big;Shepherd;True;Leave
940;5;Male;Medium;Beagle;True;Take
941;8;Male;Medium;Retriever;True;Take
942;14;Male;Medium;Retriever;True;Take
943;7;Male;Little;Bulldog;True;Leave
944;15;Female;Little;Labrador;True;Leave
945;4;Male;Big;Rottweiler;True;Leave
946;9;Female;Little;Beagle;True;Take
947;3;Female;Big;Rottweiler;True;Take
948;11;Male;Medium;Shepherd;True;Take
949;15;Female;Big;Shepherd;False;Take
950;8;Male;Little;Bulldog;True;Leave
951;9;Female;Medium;Labrador;False;Take
952;8;Female;Little;Rottweiler;True;Take
953;3;Male;Big;Shepherd;True;Leave
954;13;Female;Big;Bulldog;False;Take
955;6;Male;Medium;Beagle;True;Take
956;11;Female;Big;Shepherd;True;Leave
957;13;Female;Medium;Retriever;True;Take
958;9;Male;Big;Retriever;True;Leave
959;15;Female;Big;Shepherd;True;Leave
960;14;Male;Big;Beagle;True;Leave
961;1;Male;Big;Shepherd;True;Leave
962;14;Male;Big;Bulldog;True;Leave
963;3;Male;Little;Labrador;True;Take
964;3;Female;Big;Beagle;True;Take
965;15;Female;Big;Beagle;True;Leave
966;14;Female;Big;Labrador;True;Leave
967;12;Female;Big;Labrador;True;Leave
968;14;Male;Big;Beagle;True;Leave
969;11;Female;Little;Bulldog;True;Leave
970;9;Female;Medium;Shepherd;True;Leave
971;14;Male;Medium;Retriever;True;Take
972;14;Female;Medium;Beagle;True;Take
973;6;Male;Big;Rottweiler;True;Take
974;8;Female;Big;Shepherd;True;Leave
975;1;Male;Medium;Beagle;True;Take
976;9;Female;Big;Beagle;True;Take
977;15;Male;Little;Bulldog;True;Take
978;6;Male;Medium;Rottweiler;True;Take
979;8;Male;Big;Rottweiler;True;Take
980;15;Male;Big;Beagle;False;Take
981;14;Male;Little;Rottweiler;True;Take
982;1;Male;Big;Labrador;True;Take
983;13;Female;Little;Shepherd;True;Leave
984;7;Male;Big;Beagle;True;Take
985;2;Male;Big;Labrador;True;Take
986;8;Female;Medium;Bulldog;True;Take
987;2;Female;Little;Bulldog;True;Leave
988;3;Male;Little;Labrador;True;Take
989;4;Male;Little;Bulldog;True;Leave
990;5;Male;Little;Bulldog;True;Leave
991;7;Male;Big;Bulldog;True;Take
992;13;Male;Little;Beagle;True;Take
993;11;Female;Big;Labrador;True;Leave
994;5;Female;Big;Beagle;True;Take
995;1;Male;Big;Beagle;True;Take
996;7;Female;Little;Shepherd;True;Leave
997;9;Male;Big;Shepherd;False;Leave
998;14;Male;Big;Rottweiler;True;Leave
999;5;Male;Medium;Beagle;True;Take
1000;9;Male;Medium;Rottweiler;True;Take
1001;6;Female;Big;Rottweiler;True;Take
1002;15;Male;Big;Retriever;True;Leave
1003;10;Male;Medium;Retriever;True;Take
1004;5;Male;Medium;Bulldog;True;Take
1005;11;Male;Big;Retriever;True;Leave
1006;12;Female;Big;Bulldog;True;Leave
1007;14;Female;Big;Labrador;True;Leave
1008;10;Male;Big;Bulldog;True;Take
1009;6;Female;Big;Bulldog;True;Take
1010;13;Male;Little;Beagle;True;Take
1011;5;Female;Medium;Shepherd;True;Leave
1012;5;Female;Medium;Bulldog;True;Take
1013;9;Female;Medium;Bulldog;False;Take
1014;6;Female;Medium;Bulldog;True;Take
1015;2;Male;Little;Labrador;True;Take
1016;2;Female;Big;Rottweiler;True;Take
1017;15;Male;Big;Bulldog;True;Leave
1018;2;Female;Little;Labrador;True;Take
1019;4;Male;Big;Rottweiler;False;Leave
1020;10;Male;Little;Beagle;True;Take
1021;1;Male;Medium;Shepherd;True;Leave
1022;14;Male;Big;Retriever;True;Leave
1023;14;Female;Little;Bulldog;True;Leave
1024;9;Male;Big;Beagle;False;Take
1025;1;Male;Little;Labrador;True;Take
1026;5;Female;Medium;Labrador;True;Take
1027;7;Male;Little;Rottweiler;True;Take
1028;3;Female;Big;Retriever;True;Take
1029;13;Female;Big;Beagle;True;Leave
1030;5;Male;Big;Retriever;True;Leave
1031;10;Male;Big;Rottweiler;True;Take
1032;4;Female;Big;Labrador;True;Take
1033;14;Female;Big;Retriever;True;Leave
1034;10;Female;Big;Bulldog;False;Take
1035;12;Female;Medium;Rottweiler;True;Take
1036;10;Female;Little;Bulldog;True;Leave
1037;9;Male;Medium;Labrador;False;Take
1038;8;Female;Medium;Retriever;True;Take
1039;5;Female;Big;Bulldog;True;Take
1040;15;Male;Big;Labrador;True;Leave
1041;2;Male;Big;Retriever;True;Leave
1042;7;Female;Big;Shepherd;True;Leave
1043;2;Female;Big;Bulldog;False;Take
1044;5;Female;Medium;Shepherd;True;Leave
1045;4;Female;Little;Bulldog;True;Leave
1046;14;Male;Big;Labrador;True;Leave
1047;7;Female;Big;Shepherd;False;Leave
1048;2;Male;Medium;Bulldog;False;Take
1049;1;Male;Big;Beagle;False;Take
1050;10;Female;Big;Bulldog;True;Take
1051;9;Female;Medium;Labrador;False;Take
1052;6;Female;Big;Retriever;True;Take
1053;14;Female;Big;Labrador;False;Take
1054;7;Female;Little;Rottweiler;True;Take
1055;7;Male;Big;Shepherd;False;Leave
1056;9;Female;Big;Shepherd;True;Leave
1057;1;Male;Big;Labrador;True;Take
1058;7;Male;Medium;Beagle;False;Take
1059;8;Male;Big;Shepherd;True;Leave
1060;6;Male;Big;Bulldog;True;Take
1061;4;Male;Big;Labrador;True;Take
1062;3;Female;Big;Bulldog;True;Take
1063;15;Male;Big;Retriever;True;Leave
1064;10;Female;Big;Rottweiler;False;Leave
1065;12;Female;Medium;Rottweiler;True;Take
1066;4;Male;Big;Retriever;True;Leave
1067;11;Female;Big;Shepherd;False;Take
1068;4;Male;Big;Retriever;True;Leave
1069;6;Female;Little;Shepherd;True;Leave
1070;5;Female;Big;Bulldog;True;Take
1071;15;Female;Big;Bulldog;True;Leave
1072;11;Female;Little;Labrador;True;Leave
1073;4;Male;Big;Bulldog;True;Take
1074;14;Male;Medium;Rottweiler;True;Take
1075;5;Male;Big;Shepherd;True;Leave
1076;12;Male;Big;Bulldog;True;Leave
1077;11;Female;Big;Labrador;True;Leave
1078;4;Female;Medium;Shepherd;True;Leave
1079;5;Female;Medium;Bulldog;True;Take
1080;8;Female;Medium;Rottweiler;True;Take
1081;1;Female;Big;Shepherd;False;Leave
1082;13;Female;Big;Beagle;False;Take
1083;2;Male;Big;Retriever;True;Leave
1084;4;Male;Little;Labrador;False;Take
1085;6;Female;Little;Beagle;True;Take
1086;10;Male;Big;Beagle;True;Take
1087;14;Female;Big;Retriever;True;Leave
1088;15;Male;Big;Labrador;True;Leave
1089;3;Female;Big;Bulldog;False;Take
1090;15;Male;Little;Labrador;True;Take
1091;1;Male;Medium;Shepherd;True;Leave
1092;15;Female;Big;Labrador;True;Leave
1093;7;Female;Big;Rottweiler;True;Take
1094;10;Male;Big;Rottweiler;True;Take
1095;15;Male;Medium;Beagle;True;Take
1096;3;Female;Big;Labrador;True;Take
1097;14;Male;Little;Beagle;True;Take
1098;5;Male;Big;Beagle;True;Take
1099;5;Male;Big;Beagle;True;Take
1100;4;Male;Medium;Rottweiler;True;Leave
1101;7;Female;Big;Retriever;True;Take
1102;6;Female;Big;Rottweiler;False;Leave
1103;1;Male;Medium;Labrador;True;Take
1104;8;Male;Big;Beagle;False;Take
1105;7;Female;Little;Beagle;True;Take
1106;10;Female;Big;Retriever;False;Leave
1107;10;Male;Big;Retriever;True;Leave
1108;9;Female;Big;Beagle;True;Take
1109;1;Female;Big;Retriever;True;Take
1110;10;Male;Big;Bulldog;True;Take
1111;11;Male;Medium;Retriever;True;Take
1112;8;Female;Big;Labrador;False;Take
1113;4;Male;Big;Bulldog;True;Take
1114;10;Female;Big;Beagle;True;Take
1115;1;Female;Big;Retriever;True;Take
1116;7;Female;Big;Labrador;True;Take
1117;3;Female;Big;Bulldog;True;Take
1118;13;Male;Big;Bulldog;True;Leave
1119;5;Male;Big;Shepherd;True;Leave
1120;11;Female;Big;Shepherd;True;Leave
1121;5;Male;Little;Rottweiler;True;Leave
1122;7;Male;Big;Retriever;True;Leave
1123;3;Female;Big;Labrador;True;Take
1124;10;Male;Big;Retriever;True;Leave
1125;13;Male;Little;Retriever;True;Take
1126;1;Female;Medium;Labrador;False;Take
1127;6;Female;Big;Beagle;True;Take
1128;7;Male;Little;Labrador;False;Take
1129;1;Female;Big;Shepherd;True;Leave
1130;1;Female;Little;Labrador;True;Take
1131;1;Female;Little;Shepherd;True;Leave
1132;11;Female;Big;Rottweiler;True;Leave
1133;3;Female;Little;Shepherd;True;Leave
1134;13;Male;Little;Shepherd;True;Take
1135;4;Female;Medium;Rottweiler;True;Take
1136;13;Female;Big;Shepherd;True;Leave
1137;6;Male;Big;Labrador;True;Take
1138;9;Male;Big;Retriever;False;Leave
1139;10;Female;Big;Bulldog;True;Take
1140;15;Male;Big;Bulldog;True;Leave
1141;10;Male;Big;Rottweiler;True;Take
1142;4;Female;Big;Labrador;True;Take
1143;4;Female;Big;Labrador;True;Take
1144;5;Female;Little;Rottweiler;True;Take
1145;15;Female;Little;Rottweiler;True;Leave
1146;2;Female;Big;Beagle;True;Take
1147;13;Male;Big;Shepherd;True;Leave
1148;4;Female;Medium;Bulldog;True;Take
1149;14;Male;Big;Retriever;False;Take
1150;1;Male;Little;Shepherd;True;Leave
1151;8;Female;Little;Rottweiler;True;Take
1152;12;Male;Big;Beagle;False;Take
1153;5;Female;Big;Beagle;True;Take
1154;13;Female;Big;Rottweiler;True;Leave
1155;5;Female;Big;Labrador;True;Take
1156;10;Male;Big;Rottweiler;True;Take
1157;10;Female;Big;Rottweiler;True;Take
1158;12;Female;Little;Retriever;True;Leave
1159;7;Male;Medium;Rottweiler;True;Take
1160;2;Female;Big;Shepherd;True;Leave
1161;2;Male;Big;Bulldog;True;Take
1162;5;Female;Big;Beagle;True;Take
1163;5;Male;Little;Shepherd;True;Leave
1164;4;Male;Little;Labrador;True;Take
1165;9;Female;Little;Labrador;False;Take
1166;2;Male;Medium;Shepherd;True;Leave
1167;7;Female;Big;Shepherd;True;Leave
1168;6;Female;Big;Beagle;True;Take
1169;6;Female;Big;Shepherd;True;Leave
1170;6;Male;Big;Bulldog;True;Take
1171;8;Female;Big;Labrador;True;Take
1172;9;Female;Big;Beagle;False;Take
1173;7;Male;Big;Bulldog;False;Take
1174;7;Female;Big;Rottweiler;True;Take
1175;11;Female;Big;Bulldog;True;Leave
1176;11;Male;Big;Shepherd;True;Leave
1177;10;Female;Big;Rottweiler;True;Take
1178;7;Female;Medium;Beagle;True;Take
1179;4;Female;Big;Beagle;False;Take
1180;8;Male;Big;Retriever;True;Leave
1181;5;Male;Big;Shepherd;True;Leave
1182;9;Female;Little;Beagle;True;Take
1183;2;Female;Little;Shepherd;True;Leave
1184;9;Female;Big;Rottweiler;True;Take
1185;13;Female;Big;Shepherd;True;Leave
1186;4;Male;Little;Bulldog;True;Leave
1187;2;Male;Big;Retriever;True;Leave
1188;15;Female;Little;Bulldog;True;Leave
1189;7;Male;Big;Labrador;True;Take
1190;8;Female;Big;Shepherd;True;Leave
1191;5;Male;Medium;Bulldog;True;Take
1192;14;Female;Medium;Shepherd;True;Take
1193;5;Female;Little;Bulldog;False;Leave
1194;10;Male;Big;Retriever;True;Leave
1195;9;Male;Big;Bulldog;True;Take
1196;4;Male;Big;Rottweiler;True;Leave
1197;5;Male;Big;Bulldog;True;Take
1198;15;Female;Big;Retriever;True;Leave
1199;15;Female;Big;Beagle;False;Take
1200;12;Male;Big;Beagle;True;Leave
1201;11;Female;Medium;Labrador;True;Take
1202;2;Male;Big;Labrador;True;Take
1203;12;Female;Little;Beagle;True;Leave
1204;2;Female;Medium;Bulldog;False;Take
1205;3;Female;Big;Retriever;True;Take
1206;1;Female;Big;Beagle;True;Take
1207;11;Male;Medium;Beagle;True;Take
1208;12;Male;Little;Rottweiler;True;Take
1209;5;Male;Medium;Bulldog;True;Take
1210;8;Male;Big;Rottweiler;True;Take
1211;5;Female;Big;Rottweiler;True;Take
1212;14;Male;Big;Rottweiler;False;Take
1213;8;Female;Big;Shepherd;True;Leave
1214;15;Female;Little;Shepherd;True;Leave
1215;8;Male;Big;Retriever;True;Leave
1216;8;Female;Little;Labrador;True;Take
1217;15;Female;Big;Bulldog;True;Leave
1218;1;Male;Big;Bulldog;True;Take
1219;11;Female;Big;Retriever;True;Leave
1220;8;Female;Big;Labrador;True;Take
1221;1;Female;Big;Rottweiler;False;Leave
1222;14;Male;Big;Bulldog;False;Take
1223;5;Male;Medium;Retriever;True;Take
1224;12;Male;Big;Labrador;True;Leave
1225;2;Male;Big;Labrador;True;Take
1226;5;Female;Big;Beagle;True;Take
1227;1;Female;Big;Beagle;True;Take
1228;6;Male;Big;Shepherd;True;Leave
1229;12;Male;Little;Labrador;True;Take
1230;2;Female;Little;Retriever;True;Take
1231;11;Female;Big;Labrador;True;Leave
1232;3;Female;Big;Rottweiler;False;Leave
1233;11;Female;Big;Shepherd;True;Leave
1234;8;Male;Big;Shepherd;True;Leave
1235;15;Male;Medium;Beagle;False;Take
1236;7;Female;Big;Retriever;True;Take
1237;3;Female;Big;Retriever;True;Take
1238;7;Male;Medium;Retriever;True;Take
1239;15;Male;Big;Bulldog;True;Leave
1240;6;Female;Big;Retriever;False;Take
1241;10;Female;Big;Bulldog;True;Take
1242;15;Female;Big;Labrador;True;Leave
1243;5;Female;Little;Retriever;True;Take
1244;5;Female;Little;Rottweiler;False;Leave
1245;10;Female;Big;Shepherd;True;Leave
1246;8;Male;Medium;Bulldog;True;Take
1247;9;Male;Big;Beagle;True;Take
1248;12;Male;Big;Labrador;True;Leave
1249;4;Female;Medium;Retriever;True;Take
1250;13;Female;Little;Retriever;False;Take
1251;13;Female;Little;Retriever;True;Leave
1252;9;Male;Big;Labrador;True;Take
1253;9;Male;Big;Beagle;True;Take
1254;13;Female;Big;Rottweiler;True;Leave
1255;4;Female;Big;Retriever;True;Take
1256;1;Female;Big;Bulldog;True;Take
1257;1;Male;Medium;Rottweiler;True;Leave
1258;8;Female;Little;Bulldog;True;Leave
1259;6;Male;Big;Bulldog;True;Take
1260;9;Male;Little;Labrador;False;Take
1261;3;Male;Big;Rottweiler;True;Leave
1262;15;Male;Big;Shepherd;True;Leave
1263;8;Male;Big;Bulldog;True;Take
1264;12;Male;Little;Rottweiler;False;Take
1265;8;Female;Big;Bulldog;True;Take
1266;7;Male;Big;Rottweiler;False;Leave
1267;13;Male;Big;Rottweiler;True;Leave
1268;2;Female;Big;Retriever;True;Take
1269;14;Female;Medium;Rottweiler;True;Take
1270;10;Female;Big;Retriever;True;Take
1271;10;Female;Big;Retriever;True;Take
1272;9;Female;Big;Bulldog;False;Take
1273;11;Male;Big;Beagle;True;Leave
1274;3;Female;Big;Rottweiler;True;Take
1275;1;Female;Little;Beagle;True;Take
1276;13;Female;Big;Beagle;True;Leave
1277;1;Female;Little;Retriever;False;Take
1278;2;Female;Little;Beagle;False;Take
1279;3;Female;Big;Labrador;False;Take
1280;3;Female;Medium;Retriever;False;Take
1281;10;Male;Big;Labrador;False;Take
1282;11;Female;Big;Labrador;True;Leave
1283;13;Female;Big;Labrador;True;Leave
1284;13;Female;Big;Bulldog;False;Take
1285;4;Female;Big;Rottweiler;False;Leave
1286;7;Male;Medium;Retriever;True;Take
1287;5;Male;Medium;Retriever;True;Take
1288;3;Female;Big;Retriever;True;Take
1289;6;Male;Big;Labrador;False;Take
1290;11;Female;Big;Beagle;True;Leave
1291;11;Male;Medium;Rottweiler;True;Take
1292;15;Male;Little;Beagle;True;Take
1293;1;Female;Medium;Labrador;True;Take
1294;14;Female;Big;Retriever;True;Leave
1295;4;Female;Big;Labrador;False;Take
1296;6;Male;Big;Labrador;True;Take
1297;4;Male;Little;Shepherd;True;Leave
1298;10;Female;Big;Labrador;True;Take
1299;7;Female;Little;Bulldog;True;Leave
1300;3;Male;Big;Shepherd;True;Leave
1301;4;Male;Medium;Shepherd;True;Leave
1302;4;Male;Little;Rottweiler;True;Leave
1303;11;Female;Little;Beagle;True;Leave
1304;11;Female;Medium;Bulldog;True;Take
1305;4;Female;Big;Retriever;True;Take
1306;6;Female;Big;Retriever;True;Take
1307;7;Male;Little;Rottweiler;False;Leave
1308;11;Female;Little;Bulldog;True;Leave
1309;2;Male;Big;Retriever;True;Leave
1310;4;Female;Medium;Retriever;True;Take
1311;14;Female;Little;Shepherd;True;Leave
1312;5;Male;Little;Shepherd;True;Leave
1313;6;Male;Big;Labrador;True;Take
1314;3;Female;Big;Labrador;True;Take
1315;5;Female;Medium;Bulldog;True;Take
1316;1;Male;Big;Bulldog;True;Take
1317;9;Male;Big;Shepherd;False;Leave
1318;13;Male;Medium;Bulldog;True;Take
1319;9;Male;Big;Retriever;True;Leave
1320;12;Male;Medium;Shepherd;False;Take
1321;5;Female;Big;Labrador;False;Take
1322;12;Female;Big;Bulldog;True;Leave
1323;11;Female;Medium;Labrador;True;Take
1324;5;Male;Little;Bulldog;True;Leave
1325;8;Male;Big;Shepherd;False;Leave
1326;12;Male;Big;Shepherd;True;Leave
1327;14;Female;Big;Bulldog;True;Leave
1328;13;Female;Big;Shepherd;False;Take
1329;6;Female;Little;Beagle;True;Take
1330;6;Male;Big;Beagle;False;Take
1331;11;Female;Big;Retriever;True;Leave
1332;3;Female;Little;Retriever;True;Take
1333;3;Male;Big;Shepherd;True;Leave
1334;12;Male;Big;Labrador;True;Leave
1335;12;Female;Medium;Retriever;True;Take
1336;10;Male;Medium;Rottweiler;True;Take
1337;5;Male;Big;Retriever;True;Leave
1338;9;Male;Medium;Bulldog;True;Take
1339;13;Female;Big;Labrador;True;Leave
1340;1;Male;Big;Retriever;True;Leave
1341;5;Female;Little;Beagle;True;Take
1342;15;Male;Little;Bulldog;True;Take
1343;10;Female;Little;Bulldog;True;Leave
1344;8;Male;Medium;Rottweiler;True;Take
1345;15;Male;Little;Labrador;True;Take
1346;8;Male;Little;Retriever;True;Take
1347;14;Female;Little;Beagle;True;Leave
1348;1;Female;Big;Beagle;False;Take
1349;15;Male;Medium;Bulldog;False;Take
1350;1;Male;Big;Labrador;True;Take
1351;15;Female;Big;Retriever;True;Leave
1352;6;Male;Big;Bulldog;True;Take
1353;5;Male;Big;Labrador;True;Take
1354;9;Female;Big;Labrador;True;Take
1355;6;Female;Big;Beagle;False;Take
1356;4;Female;Big;Rottweiler;True;Take
1357;15;Male;Big;Beagle;True;Leave
1358;11;Female;Little;Retriever;True;Leave
1359;7;Male;Big;Shepherd;True;Leave
1360;1;Male;Big;Bulldog;False;Take
1361;1;Female;Medium;Bulldog;True;Take
1362;11;Male;Big;Bulldog;False;Take
1363;11;Female;Big;Rottweiler;False;Take
1364;15;Male;Big;Shepherd;True;Leave
1365;11;Male;Medium;Labrador;True;Take
1366;2;Male;Big;Bulldog;True;Take
1367;9;Female;Big;Labrador;True;Take
1368;10;Male;Little;Beagle;True;Take
1369;2;Female;Big;Rottweiler;True;Take
1370;10;Female;Big;Beagle;True;Take
1371;1;Male;Big;Retriever;True;Leave
1372;6;Female;Big;Labrador;True;Take
1373;8;Male;Big;Beagle;False;Take
1374;2;Female;Big;Beagle;True;Take
1375;5;Male;Little;Shepherd;True;Leave
1376;10;Male;Big;Shepherd;False;Leave
1377;6;Female;Big;Beagle;True;Take
1378;13;Male;Big;Bulldog;True;Leave
1379;15;Female;Little;Retriever;True;Leave
1380;14;Male;Little;Beagle;False;Take
1381;11;Male;Big;Bulldog;False;Take
1382;15;Female;Big;Labrador;True;Leave
1383;8;Female;Big;Retriever;True;Take
1384;4;Female;Big;Beagle;False;Take
1385;15;Female;Big;Rottweiler;True;Leave
1386;7;Male;Big;Bulldog;True;Take
1387;15;Male;Medium;Retriever;False;Take
1388;10;Male;Big;Shepherd;True;Leave
1389;14;Male;Medium;Beagle;True;Take
1390;1;Female;Medium;Labrador;True;Take
1391;11;Male;Big;Labrador;True;Leave
1392;3;Female;Medium;Beagle;True;Take
1393;9;Female;Big;Bulldog;True;Take
1394;7;Female;Little;Rottweiler;True;Take
1395;13;Female;Little;Beagle;True;Leave
1396;5;Male;Big;Beagle;False;Take
1397;2;Female;Medium;Labrador;True;Take
1398;11;Female;Little;Retriever;True;Leave
1399;1;Female;Big;Labrador;True;Take
1400;11;Male;Medium;Beagle;True;Take
1401;1;Female;Little;Shepherd;False;Leave
1402;2;Female;Big;Shepherd;True;Leave
1403;8;Female;Little;Retriever;True;Take
1404;12;Female;Big;Rottweiler;True;Leave
1405;4;Female;Big;Beagle;True;Take
1406;9;Male;Little;Labrador;True;Take
1407;10;Female;Medium;Retriever;True;Take
1408;12;Male;Little;Bulldog;True;Take
1409;12;Female;Little;Shepherd;True;Leave
1410;7;Male;Little;Bulldog;True;Leave
1411;9;Male;Big;Retriever;True;Leave
1412;12;Male;Big;Labrador;True;Leave
1413;13;Female;Little;Shepherd;False;Take
1414;1;Female;Big;Beagle;True;Take
1415;14;Male;Big;Beagle;False;Take
1416;15;Female;Little;Rottweiler;True;Leave
1417;7;Male;Little;Bulldog;True;Leave
1418;3;Female;Big;Shepherd;True;Leave
1419;11;Female;Big;Retriever;True;Leave
1420;3;Female;Big;Labrador;True;Take
1421;13;Female;Medium;Shepherd;True;Take
1422;1;Male;Big;Retriever;True;Leave
1423;2;Male;Little;Bulldog;True;Leave
1424;6;Male;Big;Shepherd;False;Leave
1425;2;Male;Big;Beagle;True;Take
1426;6;Male;Little;Beagle;True;Take
1427;7;Male;Big;Retriever;True;Leave
1428;11;Female;Big;Retriever;True;Leave
1429;13;Male;Little;Bulldog;True;Take
1430;4;Female;Big;Retriever;True;Take
1431;4;Male;Big;Labrador;True;Take
1432;2;Female;Medium;Rottweiler;False;Leave
1433;5;Female;Medium;Labrador;True;Take
1434;9;Female;Big;Shepherd;True;Leave
1435;7;Female;Big;Beagle;True;Take
1436;15;Female;Big;Retriever;True;Leave
1437;15;Female;Big;Bulldog;True;Leave
1438;11;Female;Medium;Shepherd;False;Take
1439;2;Female;Big;Shepherd;True;Leave
1440;5;Male;Medium;Shepherd;True;Leave
1441;2;Female;Little;Retriever;True;Take
1442;14;Female;Big;Labrador;True;Leave
1443;12;Male;Big;Retriever;True;Leave
1444;4;Male;Medium;Retriever;True;Take
1445;13;Female;Little;Beagle;False;Take
1446;7;Male;Big;Bulldog;True;Take
1447;12;Male;Little;Bulldog;True;Take
1448;10;Female;Big;Retriever;False;Leave
1449;3;Male;Big;Rottweiler;True;Leave
1450;5;Female;Big;Bulldog;True;Take
1451;14;Male;Big;Beagle;True;Leave
1452;5;Female;Medium;Labrador;False;Take
1453;12;Male;Medium;Rottweiler;True;Take
1454;2;Female;Medium;Retriever;True;Take
1455;4;Male;Big;Retriever;True;Leave
1456;2;Male;Big;Bulldog;True;Take
1457;15;Male;Big;Labrador;True;Leave
1458;4;Female;Big;Bulldog;True;Take
1459;3;Female;Big;Retriever;True;Take
1460;6;Female;Medium;Labrador;True;Take
1461;1;Male;Big;Beagle;False;Take
1462;6;Female;Medium;Bulldog;True;Take
1463;5;Female;Big;Bulldog;True;Take
1464;13;Female;Little;Retriever;True;Leave
1465;12;Male;Little;Beagle;False;Take
1466;1;Male;Big;Retriever;True;Leave
1467;5;Male;Medium;Shepherd;True;Leave
1468;6;Female;Big;Bulldog;True;Take
1469;6;Male;Little;Labrador;True;Take
1470;5;Female;Big;Rottweiler;True;Take
1471;6;Female;Big;Labrador;True;Take
1472;8;Male;Little;Labrador;True;Take
1473;14;Male;Little;Beagle;False;Take
1474;13;Female;Big;Rottweiler;True;Leave
1475;10;Female;Little;Beagle;True;Take
1476;11;Female;Little;Labrador;True;Leave
1477;11;Female;Medium;Retriever;False;Take
1478;13;Male;Medium;Labrador;True;Take
1479;2;Male;Big;Bulldog;True;Take
1480;6;Female;Little;Beagle;True;Take
1481;12;Female;Big;Retriever;True;Leave
1482;12;Male;Big;Rottweiler;True;Leave
1483;9;Female;Big;Beagle;True;Take
1484;2;Male;Big;Labrador;True;Take
1485;15;Male;Big;Labrador;True;Leave
1486;8;Male;Medium;Beagle;True;Take
1487;13;Female;Medium;Retriever;True;Take
1488;11;Female;Little;Rottweiler;True;Leave
1489;11;Female;Big;Rottweiler;True;Leave
1490;12;Male;Big;Shepherd;True;Leave
1491;12;Male;Big;Retriever;False;Take
1492;3;Female;Little;Retriever;True;Take
1493;2;Male;Big;Beagle;True;Take
1494;5;Female;Big;Bulldog;True;Take
1495;8;Male;Little;Rottweiler;True;Take
1496;5;Male;Big;Beagle;True;Take
1497;2;Male;Big;Retriever;True;Leave
1498;10;Female;Big;Rottweiler;True;Take
1499;6;Female;Medium;Beagle;True;Take
